,filename,Distance
0,image_0001.jpg,7051.54
1,image_0002.jpg,7216.71
2,image_0003.jpg,6499.05
3,image_0004.jpg,7104.88
4,image_0005.jpg,7006.1
5,image_0006.jpg,7127.64
6,image_0007.jpg,7123.76
7,image_0008.jpg,6856.64
8,image_0009.jpg,7045.59
9,image_0010.jpg,6746.53
10,image_0011.jpg,7403.62
11,image_0012.jpg,7183.13
12,image_0013.jpg,6913.03
13,image_0014.jpg,7149.09
14,image_0015.jpg,7044.02
15,image_0016.jpg,7113.38
16,image_0017.jpg,7137.44
17,image_0018.jpg,7073.69
18,image_0019.jpg,7836.28
19,image_0020.jpg,7122.43
20,image_0021.jpg,7116.63
21,image_0022.jpg,7140.83
22,image_0023.jpg,7114.41
23,image_0024.jpg,7072.13
24,image_0025.jpg,7129.51
25,image_0026.jpg,6642.32
26,image_0027.jpg,7092.96
27,image_0028.jpg,7036.76
28,image_0029.jpg,7020.61
29,image_0030.jpg,7270.02
30,image_0031.jpg,7129.08
31,image_0032.jpg,7155.27
32,image_0033.jpg,7290.03
33,image_0034.jpg,7033.92
34,image_0035.jpg,7073.82
35,image_0036.jpg,7058.07
36,image_0037.jpg,6902.97
37,image_0038.jpg,7134.89
38,image_0039.jpg,7105.37
39,image_0040.jpg,7117.54
40,image_0041.jpg,7040.84
41,image_0042.jpg,7216.82
42,image_0043.jpg,7078.71
43,image_0044.jpg,7471.11
44,image_0045.jpg,7098.01
45,image_0046.jpg,7290.06
46,image_0047.jpg,7068.43
47,image_0048.jpg,7149.21
48,image_0049.jpg,6659.96
49,image_0050.jpg,7141.96
50,image_0051.jpg,7036.75
51,image_0052.jpg,6730.92
52,image_0053.jpg,11659.39
53,image_0054.jpg,7798.05
54,image_0055.jpg,7033.56
55,image_0056.jpg,7447.48
56,image_0057.jpg,7093.13
57,image_0058.jpg,8133.97
58,image_0059.jpg,7193.54
59,image_0060.jpg,7150.8
60,image_0061.jpg,7101.92
61,image_0062.jpg,7110.91
62,image_0063.jpg,7129.06
63,image_0064.jpg,6836.1
64,image_0065.jpg,7135.79
65,image_0066.jpg,7142.37
66,image_0067.jpg,7118.36
67,image_0068.jpg,7137.25
68,image_0069.jpg,6896.55
69,image_0070.jpg,7748.35
70,image_0071.jpg,7139.55
71,image_0072.jpg,7020.44
72,image_0073.jpg,7091.2
73,image_0074.jpg,7139.5
74,image_0075.jpg,7066.53
75,image_0076.jpg,6594.64
76,image_0077.jpg,7096.06
77,image_0078.jpg,7030.62
78,image_0079.jpg,6699.64
79,image_0080.jpg,6902.45
80,image_0081.jpg,7079.3
81,image_0082.jpg,6885.98
82,image_0083.jpg,7121.93
83,image_0084.jpg,7121.81
84,image_0085.jpg,7265.99
85,image_0086.jpg,6828.98
86,image_0087.jpg,6870.24
87,image_0088.jpg,6966.16
88,image_0089.jpg,7135.1
89,image_0090.jpg,6904.12
90,image_0091.jpg,7215.92
91,image_0092.jpg,7138.87
92,image_0093.jpg,6800.15
93,image_0094.jpg,6989.24
94,image_0095.jpg,6997.73
95,image_0096.jpg,7142.39
96,image_0097.jpg,7157.28
97,image_0098.jpg,7231.03
98,image_0099.jpg,7134.33
99,image_0100.jpg,6908.0
100,image_0101.jpg,7076.02
101,image_0102.jpg,7110.22
102,image_0103.jpg,6879.66
103,image_0104.jpg,7095.38
104,image_0105.jpg,7098.13
105,image_0106.jpg,6552.98
106,image_0107.jpg,7026.36
107,image_0108.jpg,6687.55
108,image_0109.jpg,6984.0
109,image_0110.jpg,7118.9
110,image_0111.jpg,7142.42
111,image_0112.jpg,7102.04
112,image_0113.jpg,7100.23
113,image_0114.jpg,7132.43
114,image_0115.jpg,7166.16
115,image_0116.jpg,7075.81
116,image_0117.jpg,6980.15
117,image_0118.jpg,7569.63
118,image_0119.jpg,6815.79
119,image_0120.jpg,7015.22
120,image_0121.jpg,7129.39
121,image_0122.jpg,6942.43
122,image_0123.jpg,6481.89
123,image_0124.jpg,7104.11
124,image_0125.jpg,6315.25
125,image_0126.jpg,6586.54
126,image_0127.jpg,7120.09
127,image_0128.jpg,7246.66
128,image_0129.jpg,6991.31
129,image_0130.jpg,7032.81
130,image_0131.jpg,6818.71
131,image_0132.jpg,6875.36
132,image_0133.jpg,7143.16
133,image_0134.jpg,7080.33
134,image_0135.jpg,7123.97
135,image_0136.jpg,6990.83
136,image_0137.jpg,7116.9
137,image_0138.jpg,6110.24
138,image_0139.jpg,7102.39
139,image_0140.jpg,7043.32
140,image_0141.jpg,7144.25
141,image_0142.jpg,7131.72
142,image_0143.jpg,6446.81
143,image_0144.jpg,7112.45
144,image_0145.jpg,7051.29
145,image_0146.jpg,7045.93
146,image_0147.jpg,7093.08
147,image_0148.jpg,7164.24
148,image_0149.jpg,7123.09
149,image_0150.jpg,7206.45
150,image_0151.jpg,6493.86
151,image_0152.jpg,6199.06
152,image_0153.jpg,6882.98
153,image_0154.jpg,7106.34
154,image_0155.jpg,7141.04
155,image_0156.jpg,6684.13
156,image_0157.jpg,7386.58
157,image_0158.jpg,7129.27
158,image_0159.jpg,7100.06
159,image_0160.jpg,6904.11
160,image_0161.jpg,7142.03
161,image_0162.jpg,7211.41
162,image_0163.jpg,7134.68
163,image_0164.jpg,7064.16
164,image_0165.jpg,6989.64
165,image_0166.jpg,7124.3
166,image_0167.jpg,7047.14
167,image_0168.jpg,7076.11
168,image_0169.jpg,7111.53
169,image_0170.jpg,7096.85
170,image_0171.jpg,7142.49
171,image_0172.jpg,7124.92
172,image_0173.jpg,8403.49
173,image_0174.jpg,7105.75
174,image_0175.jpg,7117.75
175,image_0176.jpg,7123.58
176,image_0177.jpg,7030.34
177,image_0178.jpg,7041.31
178,image_0179.jpg,7124.02
179,image_0180.jpg,7128.78
180,image_0181.jpg,7127.51
181,image_0182.jpg,7122.3
182,image_0183.jpg,6906.13
183,image_0184.jpg,7092.32
184,image_0185.jpg,8236.42
185,image_0186.jpg,7324.3
186,image_0187.jpg,7088.36
187,image_0188.jpg,7075.22
188,image_0189.jpg,6952.3
189,image_0190.jpg,6992.16
190,image_0191.jpg,7134.03
191,image_0192.jpg,6231.83
192,image_0193.jpg,7142.76
193,image_0194.jpg,6907.08
194,image_0195.jpg,6866.96
195,image_0196.jpg,7065.28
196,image_0197.jpg,7083.92
197,image_0198.jpg,7078.99
198,image_0199.jpg,7151.42
199,image_0200.jpg,7104.71
200,image_0201.jpg,7134.82
201,image_0202.jpg,7138.44
202,image_0203.jpg,6960.2
203,image_0204.jpg,6974.31
204,image_0205.jpg,7140.99
205,image_0206.jpg,6853.15
206,image_0207.jpg,7313.2
207,image_0208.jpg,7141.65
208,image_0209.jpg,7086.69
209,image_0210.jpg,7139.5
210,image_0211.jpg,6958.64
211,image_0212.jpg,7122.07
212,image_0213.jpg,7147.26
213,image_0214.jpg,7134.33
214,image_0215.jpg,7073.75
215,image_0216.jpg,7113.69
216,image_0217.jpg,6792.01
217,image_0218.jpg,7136.29
218,image_0219.jpg,7108.64
219,image_0220.jpg,7118.12
220,image_0221.jpg,7045.19
221,image_0222.jpg,7095.22
222,image_0223.jpg,6930.36
223,image_0224.jpg,6995.93
224,image_0225.jpg,7316.09
225,image_0226.jpg,7108.06
226,image_0227.jpg,7051.7
227,image_0228.jpg,7094.89
228,image_0229.jpg,6910.27
229,image_0230.jpg,7060.28
230,image_0231.jpg,7135.33
231,image_0232.jpg,7124.63
232,image_0233.jpg,7085.32
233,image_0234.jpg,7133.45
234,image_0235.jpg,7196.34
235,image_0236.jpg,6967.16
236,image_0237.jpg,7359.97
237,image_0238.jpg,7134.05
238,image_0239.jpg,6926.82
239,image_0240.jpg,7125.97
240,image_0241.jpg,7063.08
241,image_0242.jpg,7116.76
242,image_0243.jpg,7116.33
243,image_0244.jpg,7031.88
244,image_0245.jpg,7140.69
245,image_0246.jpg,7084.5
246,image_0247.jpg,7142.86
247,image_0248.jpg,7142.86
248,image_0249.jpg,6997.94
249,image_0250.jpg,7355.29
250,image_0251.jpg,7044.17
251,image_0252.jpg,7127.56
252,image_0253.jpg,7047.95
253,image_0254.jpg,7190.2
254,image_0255.jpg,9355.0
255,image_0256.jpg,7111.52
256,image_0257.jpg,7142.08
257,image_0258.jpg,7129.83
258,image_0259.jpg,7138.83
259,image_0260.jpg,6947.61
260,image_0261.jpg,7019.13
261,image_0262.jpg,6737.77
262,image_0263.jpg,7015.36
263,image_0264.jpg,7101.06
264,image_0265.jpg,7129.15
265,image_0266.jpg,7131.67
266,image_0267.jpg,7049.55
267,image_0268.jpg,7180.98
268,image_0269.jpg,6887.61
269,image_0270.jpg,6979.4
270,image_0271.jpg,7012.72
271,image_0272.jpg,6980.58
272,image_0273.jpg,6836.54
273,image_0274.jpg,7033.55
274,image_0275.jpg,7145.77
275,image_0276.jpg,7085.35
276,image_0277.jpg,8655.39
277,image_0278.jpg,6768.41
278,image_0279.jpg,6788.79
279,image_0280.jpg,7194.46
280,image_0281.jpg,6788.8
281,image_0282.jpg,9275.38
282,image_0283.jpg,6648.4
283,image_0284.jpg,13172.03
284,image_0285.jpg,6947.3
285,image_0286.jpg,6592.79
286,image_0287.jpg,6299.39
287,image_0288.jpg,6845.24
288,image_0289.jpg,14777.92
289,image_0290.jpg,12124.35
290,image_0291.jpg,7157.22
291,image_0292.jpg,7035.66
292,image_0293.jpg,6847.17
293,image_0294.jpg,8241.39
294,image_0295.jpg,6658.14
295,image_0296.jpg,7189.37
296,image_0297.jpg,7073.93
297,image_0298.jpg,7231.96
298,image_0299.jpg,7007.49
299,image_0300.jpg,7078.42
300,image_0301.jpg,6791.6
301,image_0302.jpg,6588.72
302,image_0303.jpg,7078.07
303,image_0304.jpg,6860.43
304,image_0305.jpg,6774.85
305,image_0306.jpg,7133.35
306,image_0307.jpg,7217.79
307,image_0308.jpg,7161.8
308,image_0309.jpg,6824.46
309,image_0310.jpg,6823.44
310,image_0311.jpg,7531.15
311,image_0312.jpg,6773.13
312,image_0313.jpg,8224.23
313,image_0314.jpg,6988.5
314,image_0315.jpg,7152.01
315,image_0316.jpg,7138.37
316,image_0317.jpg,7088.19
317,image_0318.jpg,6859.59
318,image_0319.jpg,7134.9
319,image_0320.jpg,6584.56
320,image_0321.jpg,6758.07
321,image_0322.jpg,7065.76
322,image_0323.jpg,7106.44
323,image_0324.jpg,7169.57
324,image_0325.jpg,6691.74
325,image_0326.jpg,7088.46
326,image_0327.jpg,7136.5
327,image_0328.jpg,6942.49
328,image_0329.jpg,7296.02
329,image_0330.jpg,7147.22
330,image_0331.jpg,7735.77
331,image_0332.jpg,7491.85
332,image_0333.jpg,7136.12
333,image_0334.jpg,7120.2
334,image_0335.jpg,6999.51
335,image_0336.jpg,7108.11
336,image_0337.jpg,7069.88
337,image_0338.jpg,7297.8
338,image_0339.jpg,6842.96
339,image_0340.jpg,6010.32
340,image_0341.jpg,6921.39
341,image_0342.jpg,6915.99
342,image_0343.jpg,7055.79
343,image_0344.jpg,6929.88
344,image_0345.jpg,7112.91
345,image_0346.jpg,7010.44
346,image_0347.jpg,6824.39
347,image_0348.jpg,6741.98
348,image_0349.jpg,7082.34
349,image_0350.jpg,8761.84
350,image_0351.jpg,8089.73
351,image_0352.jpg,7116.17
352,image_0353.jpg,6465.33
353,image_0354.jpg,6877.15
354,image_0355.jpg,6632.32
355,image_0356.jpg,7750.38
356,image_0357.jpg,7074.58
357,image_0358.jpg,7141.6
358,image_0359.jpg,6949.11
359,image_0360.jpg,6243.73
360,image_0361.jpg,7122.09
361,image_0362.jpg,8405.1
362,image_0363.jpg,7101.66
363,image_0364.jpg,7224.1
364,image_0365.jpg,7122.65
365,image_0366.jpg,7104.09
366,image_0367.jpg,7133.33
367,image_0368.jpg,7056.82
368,image_0369.jpg,7130.81
369,image_0370.jpg,7174.27
370,image_0371.jpg,6590.07
371,image_0372.jpg,7397.58
372,image_0373.jpg,7049.39
373,image_0374.jpg,6987.28
374,image_0375.jpg,7029.12
375,image_0376.jpg,6431.66
376,image_0377.jpg,7171.49
377,image_0378.jpg,6914.05
378,image_0379.jpg,7129.86
379,image_0380.jpg,6929.53
380,image_0381.jpg,6786.7
381,image_0382.jpg,7133.52
382,image_0383.jpg,8452.64
383,image_0384.jpg,7104.38
384,image_0385.jpg,6872.1
385,image_0386.jpg,7192.92
386,image_0387.jpg,8705.85
387,image_0388.jpg,7121.96
388,image_0389.jpg,6989.73
389,image_0390.jpg,7018.58
390,image_0391.jpg,7424.47
391,image_0392.jpg,7126.23
392,image_0393.jpg,7141.62
393,image_0394.jpg,6896.07
394,image_0395.jpg,7131.3
395,image_0396.jpg,7130.15
396,image_0397.jpg,7019.74
397,image_0398.jpg,7117.61
398,image_0399.jpg,7612.41
399,image_0400.jpg,7109.72
400,image_0401.jpg,7068.96
401,image_0402.jpg,7208.28
402,image_0403.jpg,7816.06
403,image_0404.jpg,7134.75
404,image_0405.jpg,6965.15
405,image_0406.jpg,6772.5
406,image_0407.jpg,7003.83
407,image_0408.jpg,6729.0
408,image_0409.jpg,6918.15
409,image_0410.jpg,7109.14
410,image_0411.jpg,7112.29
411,image_0412.jpg,7161.64
412,image_0413.jpg,7225.42
413,image_0414.jpg,7001.25
414,image_0415.jpg,6776.28
415,image_0416.jpg,7081.74
416,image_0417.jpg,8544.29
417,image_0418.jpg,6888.74
418,image_0419.jpg,7431.66
419,image_0420.jpg,7146.42
420,image_0421.jpg,7131.4
421,image_0422.jpg,7121.21
422,image_0423.jpg,7098.38
423,image_0424.jpg,7134.84
424,image_0425.jpg,7198.04
425,image_0426.jpg,6350.44
426,image_0427.jpg,6980.77
427,image_0428.jpg,6889.55
428,image_0429.jpg,6864.9
429,image_0430.jpg,7368.35
430,image_0431.jpg,6683.69
431,image_0432.jpg,7052.32
432,image_0433.jpg,7111.93
433,image_0434.jpg,6942.01
434,image_0435.jpg,6664.18
435,image_0436.jpg,7023.49
436,image_0437.jpg,6970.28
437,image_0438.jpg,7149.95
438,image_0439.jpg,6931.71
439,image_0440.jpg,7023.16
440,image_0441.jpg,7161.61
441,image_0442.jpg,7140.24
442,image_0443.jpg,7134.84
443,image_0444.jpg,7060.99
444,image_0445.jpg,6977.06
445,image_0446.jpg,6888.82
446,image_0447.jpg,7131.41
447,image_0448.jpg,6853.15
448,image_0449.jpg,7349.5
449,image_0450.jpg,7001.82
450,image_0451.jpg,7074.56
451,image_0452.jpg,7208.31
452,image_0453.jpg,6932.07
453,image_0454.jpg,7070.67
454,image_0455.jpg,7109.16
455,image_0456.jpg,7223.73
456,image_0457.jpg,7137.63
457,image_0458.jpg,7210.95
458,image_0459.jpg,6980.55
459,image_0460.jpg,6864.45
460,image_0461.jpg,7130.04
461,image_0462.jpg,10721.96
462,image_0463.jpg,7870.32
463,image_0464.jpg,7001.25
464,image_0465.jpg,7448.81
465,image_0466.jpg,7785.48
466,image_0467.jpg,6941.75
467,image_0468.jpg,7112.23
468,image_0469.jpg,7121.22
469,image_0470.jpg,7111.87
470,image_0471.jpg,7023.61
471,image_0472.jpg,7211.8
472,image_0473.jpg,6759.84
473,image_0474.jpg,6970.51
474,image_0475.jpg,7816.17
475,image_0476.jpg,6964.99
476,image_0477.jpg,7333.65
477,image_0478.jpg,7025.35
478,image_0479.jpg,6961.2
479,image_0480.jpg,7364.7
480,image_0481.jpg,7045.19
481,image_0482.jpg,7113.32
482,image_0483.jpg,6924.28
483,image_0484.jpg,6898.56
484,image_0485.jpg,7146.22
485,image_0486.jpg,6670.64
486,image_0487.jpg,7137.94
487,image_0488.jpg,6376.14
488,image_0489.jpg,7014.63
489,image_0490.jpg,7114.22
490,image_0491.jpg,9018.09
491,image_0492.jpg,6961.19
492,image_0493.jpg,7181.37
493,image_0494.jpg,7334.97
494,image_0495.jpg,7157.57
495,image_0496.jpg,7066.14
496,image_0497.jpg,7134.09
497,image_0498.jpg,6884.29
498,image_0499.jpg,7155.59
499,image_0500.jpg,7141.63
500,image_0501.jpg,7144.81
501,image_0502.jpg,7130.04
502,image_0503.jpg,7167.95
503,image_0504.jpg,6967.34
504,image_0505.jpg,7042.9
505,image_0506.jpg,7098.08
506,image_0507.jpg,7243.61
507,image_0508.jpg,7073.41
508,image_0509.jpg,7058.06
509,image_0510.jpg,7140.73
510,image_0511.jpg,7102.36
511,image_0512.jpg,6855.38
512,image_0513.jpg,6974.25
513,image_0514.jpg,7106.52
514,image_0515.jpg,7126.03
515,image_0516.jpg,6830.0
516,image_0517.jpg,6818.21
517,image_0518.jpg,6948.85
518,image_0519.jpg,7142.71
519,image_0520.jpg,6716.03
520,image_0521.jpg,6831.39
521,image_0522.jpg,6907.47
522,image_0523.jpg,6947.9
523,image_0524.jpg,7068.76
524,image_0525.jpg,6957.56
525,image_0526.jpg,7161.77
526,image_0527.jpg,7142.13
527,image_0528.jpg,7138.46
528,image_0529.jpg,7129.24
529,image_0530.jpg,7140.49
530,image_0531.jpg,7000.95
531,image_0532.jpg,7066.99
532,image_0533.jpg,7029.48
533,image_0534.jpg,7205.71
534,image_0535.jpg,7134.04
535,image_0536.jpg,10831.97
536,image_0537.jpg,7796.14
537,image_0538.jpg,10428.15
538,image_0539.jpg,7026.91
539,image_0540.jpg,7130.02
540,image_0541.jpg,7004.3
541,image_0542.jpg,6497.72
542,image_0543.jpg,8912.64
543,image_0544.jpg,6750.85
544,image_0545.jpg,7142.5
545,image_0546.jpg,6812.61
546,image_0547.jpg,6363.19
547,image_0548.jpg,6636.34
548,image_0549.jpg,7142.06
549,image_0550.jpg,7106.52
550,image_0551.jpg,7126.3
551,image_0552.jpg,6973.56
552,image_0553.jpg,7012.5
553,image_0554.jpg,6581.45
554,image_0555.jpg,6576.44
555,image_0556.jpg,7139.54
556,image_0557.jpg,7142.65
557,image_0558.jpg,7094.54
558,image_0559.jpg,12971.53
559,image_0560.jpg,6961.57
560,image_0561.jpg,7092.96
561,image_0562.jpg,7591.79
562,image_0563.jpg,6929.77
563,image_0564.jpg,7034.51
564,image_0565.jpg,6976.8
565,image_0566.jpg,7140.88
566,image_0567.jpg,7400.21
567,image_0568.jpg,7136.06
568,image_0569.jpg,7002.6
569,image_0570.jpg,7144.33
570,image_0571.jpg,6991.57
571,image_0572.jpg,6588.74
572,image_0573.jpg,7213.97
573,image_0574.jpg,6898.6
574,image_0575.jpg,7124.47
575,image_0576.jpg,7118.28
576,image_0577.jpg,7043.24
577,image_0578.jpg,6926.89
578,image_0579.jpg,6811.88
579,image_0580.jpg,6982.67
580,image_0581.jpg,7129.33
581,image_0582.jpg,7293.68
582,image_0583.jpg,7066.78
583,image_0584.jpg,7097.33
584,image_0585.jpg,7133.79
585,image_0586.jpg,7147.55
586,image_0587.jpg,7130.31
587,image_0588.jpg,7106.0
588,image_0589.jpg,11278.17
589,image_0590.jpg,7905.67
590,image_0591.jpg,7141.51
591,image_0592.jpg,7405.39
592,image_0593.jpg,7239.07
593,image_0594.jpg,7501.69
594,image_0595.jpg,7139.82
595,image_0596.jpg,7275.15
596,image_0597.jpg,7107.55
597,image_0598.jpg,6975.58
598,image_0599.jpg,10837.76
599,image_0600.jpg,6491.21
600,image_0601.jpg,6836.65
601,image_0602.jpg,7126.2
602,image_0603.jpg,6901.13
603,image_0604.jpg,7230.78
604,image_0605.jpg,7122.37
605,image_0606.jpg,6269.78
606,image_0607.jpg,7072.89
607,image_0608.jpg,7558.21
608,image_0609.jpg,6908.65
609,image_0610.jpg,7105.95
610,image_0611.jpg,7092.31
611,image_0612.jpg,7111.19
612,image_0613.jpg,6616.1
613,image_0614.jpg,9124.58
614,image_0615.jpg,8190.07
615,image_0616.jpg,7003.21
616,image_0617.jpg,7150.16
617,image_0618.jpg,7636.9
618,image_0619.jpg,7119.31
619,image_0620.jpg,8982.08
620,image_0621.jpg,7074.72
621,image_0622.jpg,6817.35
622,image_0623.jpg,5997.6
623,image_0624.jpg,6746.79
624,image_0625.jpg,10017.7
625,image_0626.jpg,7077.97
626,image_0627.jpg,6758.05
627,image_0628.jpg,6686.54
628,image_0629.jpg,7032.6
629,image_0630.jpg,7494.81
630,image_0631.jpg,6785.1
631,image_0632.jpg,6746.12
632,image_0633.jpg,13847.77
633,image_0634.jpg,7393.28
634,image_0635.jpg,7139.61
635,image_0636.jpg,6980.36
636,image_0637.jpg,8405.75
637,image_0638.jpg,7058.64
638,image_0639.jpg,7015.0
639,image_0640.jpg,7118.45
640,image_0641.jpg,6720.75
641,image_0642.jpg,8211.74
642,image_0643.jpg,7221.13
643,image_0644.jpg,7045.84
644,image_0645.jpg,7267.83
645,image_0646.jpg,7530.09
646,image_0647.jpg,7646.71
647,image_0648.jpg,7870.72
648,image_0649.jpg,6475.85
649,image_0650.jpg,6942.3
650,image_0651.jpg,6914.75
651,image_0652.jpg,7280.97
652,image_0653.jpg,6874.33
653,image_0654.jpg,6595.96
654,image_0655.jpg,6820.7
655,image_0656.jpg,7009.44
656,image_0657.jpg,6940.41
657,image_0658.jpg,7205.39
658,image_0659.jpg,7103.97
659,image_0660.jpg,7735.19
660,image_0661.jpg,6641.77
661,image_0662.jpg,6989.28
662,image_0663.jpg,7527.75
663,image_0664.jpg,7623.55
664,image_0665.jpg,6637.25
665,image_0666.jpg,6497.63
666,image_0667.jpg,8946.36
667,image_0668.jpg,7485.32
668,image_0669.jpg,7100.78
669,image_0670.jpg,6988.97
670,image_0671.jpg,6943.52
671,image_0672.jpg,7127.98
672,image_0673.jpg,7034.57
673,image_0674.jpg,7391.59
674,image_0675.jpg,6647.32
675,image_0676.jpg,7130.43
676,image_0677.jpg,7137.99
677,image_0678.jpg,7848.78
678,image_0679.jpg,7956.37
679,image_0680.jpg,7054.46
680,image_0681.jpg,10001.75
681,image_0682.jpg,6666.87
682,image_0683.jpg,7140.29
683,image_0684.jpg,7141.69
684,image_0685.jpg,7142.64
685,image_0686.jpg,7041.14
686,image_0687.jpg,6452.89
687,image_0688.jpg,7564.13
688,image_0689.jpg,7109.46
689,image_0690.jpg,7049.94
690,image_0691.jpg,14528.49
691,image_0692.jpg,8150.59
692,image_0693.jpg,6956.06
693,image_0694.jpg,6985.16
694,image_0695.jpg,7149.41
695,image_0696.jpg,6988.93
696,image_0697.jpg,7121.55
697,image_0698.jpg,6978.92
698,image_0699.jpg,7128.97
699,image_0700.jpg,7374.53
700,image_0701.jpg,7022.93
701,image_0702.jpg,6252.22
702,image_0703.jpg,7015.03
703,image_0704.jpg,6271.83
704,image_0705.jpg,7143.69
705,image_0706.jpg,6856.85
706,image_0707.jpg,7098.13
707,image_0708.jpg,13724.84
708,image_0709.jpg,6480.05
709,image_0710.jpg,6762.28
710,image_0711.jpg,7132.72
711,image_0712.jpg,6999.34
712,image_0713.jpg,7111.28
713,image_0714.jpg,7166.15
714,image_0715.jpg,6972.12
715,image_0716.jpg,7316.29
716,image_0717.jpg,7133.43
717,image_0718.jpg,6508.44
718,image_0719.jpg,7171.55
719,image_0720.jpg,7132.83
720,image_0721.jpg,7287.31
721,image_0722.jpg,7131.05
722,image_0723.jpg,7029.93
723,image_0724.jpg,7136.59
724,image_0725.jpg,6923.01
725,image_0726.jpg,7135.53
726,image_0727.jpg,7150.76
727,image_0728.jpg,6958.28
728,image_0729.jpg,7075.56
729,image_0730.jpg,6747.1
730,image_0731.jpg,7112.31
731,image_0732.jpg,6751.46
732,image_0733.jpg,7157.15
733,image_0734.jpg,7078.55
734,image_0735.jpg,6937.93
735,image_0736.jpg,7086.04
736,image_0737.jpg,7049.19
737,image_0738.jpg,7056.66
738,image_0739.jpg,7165.47
739,image_0740.jpg,7129.1
740,image_0741.jpg,7136.68
741,image_0742.jpg,7131.55
742,image_0743.jpg,6963.47
743,image_0744.jpg,7189.26
744,image_0745.jpg,6959.97
745,image_0746.jpg,6892.64
746,image_0747.jpg,7102.44
747,image_0748.jpg,6782.4
748,image_0749.jpg,7172.79
749,image_0750.jpg,7052.68
750,image_0751.jpg,7138.61
751,image_0752.jpg,7084.59
752,image_0753.jpg,7107.66
753,image_0754.jpg,7089.61
754,image_0755.jpg,6697.7
755,image_0756.jpg,7081.73
756,image_0757.jpg,7131.12
757,image_0758.jpg,7067.91
758,image_0759.jpg,6989.37
759,image_0760.jpg,7062.24
760,image_0761.jpg,7084.55
761,image_0762.jpg,7281.16
762,image_0763.jpg,7097.03
763,image_0764.jpg,7103.16
764,image_0765.jpg,7112.21
765,image_0766.jpg,7126.31
766,image_0767.jpg,7002.48
767,image_0768.jpg,6724.14
768,image_0769.jpg,6748.75
769,image_0770.jpg,7061.75
770,image_0771.jpg,7111.37
771,image_0772.jpg,7135.29
772,image_0773.jpg,7138.93
773,image_0774.jpg,7106.86
774,image_0775.jpg,7115.34
775,image_0776.jpg,7136.6
776,image_0777.jpg,7081.72
777,image_0778.jpg,7131.39
778,image_0779.jpg,7132.2
779,image_0780.jpg,7015.32
780,image_0781.jpg,6669.07
781,image_0782.jpg,7053.37
782,image_0783.jpg,6947.57
783,image_0784.jpg,7125.15
784,image_0785.jpg,7090.18
785,image_0786.jpg,7101.79
786,image_0787.jpg,7134.59
787,image_0788.jpg,7351.36
788,image_0789.jpg,7115.87
789,image_0790.jpg,7183.68
790,image_0791.jpg,7142.66
791,image_0792.jpg,7053.97
792,image_0793.jpg,7081.48
793,image_0794.jpg,7126.35
794,image_0795.jpg,7121.93
795,image_0796.jpg,7092.28
796,image_0797.jpg,7135.83
797,image_0798.jpg,7130.2
798,image_0799.jpg,7130.88
799,image_0800.jpg,7134.09
800,image_0801.jpg,7165.36
801,image_0802.jpg,7221.28
802,image_0803.jpg,6862.86
803,image_0804.jpg,7050.0
804,image_0805.jpg,7142.43
805,image_0806.jpg,7612.73
806,image_0807.jpg,7139.55
807,image_0808.jpg,7120.09
808,image_0809.jpg,7143.73
809,image_0810.jpg,7195.75
810,image_0811.jpg,7140.93
811,image_0812.jpg,7189.85
812,image_0813.jpg,7085.65
813,image_0814.jpg,7710.04
814,image_0815.jpg,6897.62
815,image_0816.jpg,7476.39
816,image_0817.jpg,7132.22
817,image_0818.jpg,7115.99
818,image_0819.jpg,7213.75
819,image_0820.jpg,7151.57
820,image_0821.jpg,7136.97
821,image_0822.jpg,7142.58
822,image_0823.jpg,7131.5
823,image_0824.jpg,7503.98
824,image_0825.jpg,7237.61
825,image_0826.jpg,6981.33
826,image_0827.jpg,7692.67
827,image_0828.jpg,7137.43
828,image_0829.jpg,7107.56
829,image_0830.jpg,6980.31
830,image_0831.jpg,7103.49
831,image_0832.jpg,7395.17
832,image_0833.jpg,7181.91
833,image_0834.jpg,7115.17
834,image_0835.jpg,7034.5
835,image_0836.jpg,8047.65
836,image_0837.jpg,7311.71
837,image_0838.jpg,7482.04
838,image_0839.jpg,7158.2
839,image_0840.jpg,6886.86
840,image_0841.jpg,7221.28
841,image_0842.jpg,8010.51
842,image_0843.jpg,7118.78
843,image_0844.jpg,8606.25
844,image_0845.jpg,7141.85
845,image_0846.jpg,7121.95
846,image_0847.jpg,7137.02
847,image_0848.jpg,7137.43
848,image_0849.jpg,7119.48
849,image_0850.jpg,7131.5
850,image_0851.jpg,7260.79
851,image_0852.jpg,7029.91
852,image_0853.jpg,7394.94
853,image_0854.jpg,7391.69
854,image_0855.jpg,7151.57
855,image_0856.jpg,7140.93
856,image_0857.jpg,6840.55
857,image_0858.jpg,7135.34
858,image_0859.jpg,7180.4
859,image_0860.jpg,7182.04
860,image_0861.jpg,7044.8
861,image_0862.jpg,8047.96
862,image_0863.jpg,6699.24
863,image_0864.jpg,7113.02
864,image_0865.jpg,7447.17
865,image_0866.jpg,7481.98
866,image_0867.jpg,7174.45
867,image_0868.jpg,7181.52
868,image_0869.jpg,7100.37
869,image_0870.jpg,6940.84
870,image_0871.jpg,7140.4
871,image_0872.jpg,7039.15
872,image_0873.jpg,7649.49
873,image_0874.jpg,7141.94
874,image_0875.jpg,7171.53
875,image_0876.jpg,7121.11
876,image_0877.jpg,7127.98
877,image_0878.jpg,7092.84
878,image_0879.jpg,7028.46
879,image_0880.jpg,7209.76
880,image_0881.jpg,7141.86
881,image_0882.jpg,6967.81
882,image_0883.jpg,7715.9
883,image_0884.jpg,6960.11
884,image_0885.jpg,7040.64
885,image_0886.jpg,7118.92
886,image_0887.jpg,7138.47
887,image_0888.jpg,6833.95
888,image_0889.jpg,6970.89
889,image_0890.jpg,7126.0
890,image_0891.jpg,7174.55
891,image_0892.jpg,7108.82
892,image_0893.jpg,7436.86
893,image_0894.jpg,7142.34
894,image_0895.jpg,6958.22
895,image_0896.jpg,7139.94
896,image_0897.jpg,7111.01
897,image_0898.jpg,7429.25
898,image_0899.jpg,6782.58
899,image_0900.jpg,7074.73
900,image_0901.jpg,7121.18
901,image_0902.jpg,12668.26
902,image_0903.jpg,7107.65
903,image_0904.jpg,8212.68
904,image_0905.jpg,7130.08
905,image_0906.jpg,6981.33
906,image_0907.jpg,6857.73
907,image_0908.jpg,7168.78
908,image_0909.jpg,7075.02
909,image_0910.jpg,7139.82
910,image_0911.jpg,6925.9
911,image_0912.jpg,7058.42
912,image_0913.jpg,6969.71
913,image_0914.jpg,7119.59
914,image_0915.jpg,6628.73
915,image_0916.jpg,7075.26
916,image_0917.jpg,7134.91
917,image_0918.jpg,7128.22
918,image_0919.jpg,7105.99
919,image_0920.jpg,7136.63
920,image_0921.jpg,6967.99
921,image_0922.jpg,7041.09
922,image_0923.jpg,6853.46
923,image_0924.jpg,7345.16
924,image_0925.jpg,7125.69
925,image_0926.jpg,6979.95
926,image_0927.jpg,7338.48
927,image_0928.jpg,7084.25
928,image_0929.jpg,7437.57
929,image_0930.jpg,6743.63
930,image_0931.jpg,7141.04
931,image_0932.jpg,7169.28
932,image_0933.jpg,6596.87
933,image_0934.jpg,7234.17
934,image_0935.jpg,7074.9
935,image_0936.jpg,6749.49
936,image_0937.jpg,7139.82
937,image_0938.jpg,7537.98
938,image_0939.jpg,7011.19
939,image_0940.jpg,8160.35
940,image_0941.jpg,7067.36
941,image_0942.jpg,7130.75
942,image_0943.jpg,7883.35
943,image_0944.jpg,7008.49
944,image_0945.jpg,7257.56
945,image_0946.jpg,7638.77
946,image_0947.jpg,7011.59
947,image_0948.jpg,7142.55
948,image_0949.jpg,7128.3
949,image_0950.jpg,8747.82
950,image_0951.jpg,6959.13
951,image_0952.jpg,9498.9
952,image_0953.jpg,6469.72
953,image_0954.jpg,7009.47
954,image_0955.jpg,7142.07
955,image_0956.jpg,6971.44
956,image_0957.jpg,6472.27
957,image_0958.jpg,7075.81
958,image_0959.jpg,8205.69
959,image_0960.jpg,10899.63
960,image_0961.jpg,6954.76
961,image_0962.jpg,7346.35
962,image_0963.jpg,7084.05
963,image_0964.jpg,7095.77
964,image_0965.jpg,6798.4
965,image_0966.jpg,7015.36
966,image_0967.jpg,7293.73
967,image_0968.jpg,7224.9
968,image_0969.jpg,7187.81
969,image_0970.jpg,6832.09
970,image_0971.jpg,6990.48
971,image_0972.jpg,7321.75
972,image_0973.jpg,9882.39
973,image_0974.jpg,7172.46
974,image_0975.jpg,7075.72
975,image_0976.jpg,5923.59
976,image_0977.jpg,7028.68
977,image_0978.jpg,7121.38
978,image_0979.jpg,6961.68
979,image_0980.jpg,7090.36
980,image_0981.jpg,6949.97
981,image_0982.jpg,7043.2
982,image_0983.jpg,7202.81
983,image_0984.jpg,6984.34
984,image_0985.jpg,7016.37
985,image_0986.jpg,7945.2
986,image_0987.jpg,7113.05
987,image_0988.jpg,16127.41
988,image_0989.jpg,7972.61
989,image_0990.jpg,6894.41
990,image_0991.jpg,6984.73
991,image_0992.jpg,7115.48
992,image_0993.jpg,7129.95
993,image_0994.jpg,7126.54
994,image_0995.jpg,6961.16
995,image_0996.jpg,7110.48
996,image_0997.jpg,7131.09
997,image_0998.jpg,6642.28
998,image_0999.jpg,9079.48
999,image_1000.jpg,7529.84
1000,image_1001.jpg,6547.96
1001,image_1002.jpg,7349.87
1002,image_1003.jpg,7414.82
1003,image_1004.jpg,6772.61
1004,image_1005.jpg,7267.82
1005,image_1006.jpg,7142.58
1006,image_1007.jpg,7877.34
1007,image_1008.jpg,16130.73
1008,image_1009.jpg,7482.26
1009,image_1010.jpg,6889.73
1010,image_1011.jpg,7115.48
1011,image_1012.jpg,7015.62
1012,image_1013.jpg,7142.51
1013,image_1014.jpg,7240.27
1014,image_1015.jpg,7139.86
1015,image_1016.jpg,7354.45
1016,image_1017.jpg,7043.26
1017,image_1018.jpg,7129.99
1018,image_1019.jpg,7124.44
1019,image_1020.jpg,6959.34
1020,image_1021.jpg,8113.68
1021,image_1022.jpg,7139.99
1022,image_1023.jpg,7100.57
1023,image_1024.jpg,7885.63
1024,image_1025.jpg,6697.63
1025,image_1026.jpg,7097.17
1026,image_1027.jpg,7269.35
1027,image_1028.jpg,6712.41
1028,image_1029.jpg,7046.39
1029,image_1030.jpg,6557.18
1030,image_1031.jpg,7117.07
1031,image_1032.jpg,6843.48
1032,image_1033.jpg,7847.91
1033,image_1034.jpg,7162.46
1034,image_1035.jpg,7751.84
1035,image_1036.jpg,7064.14
1036,image_1037.jpg,6881.57
1037,image_1038.jpg,11241.24
1038,image_1039.jpg,6877.11
1039,image_1040.jpg,6823.24
1040,image_1041.jpg,7549.16
1041,image_1042.jpg,6842.41
1042,image_1043.jpg,7101.75
1043,image_1044.jpg,7142.62
1044,image_1045.jpg,7077.14
1045,image_1046.jpg,6748.62
1046,image_1047.jpg,6181.42
1047,image_1048.jpg,7185.39
1048,image_1049.jpg,7152.52
1049,image_1050.jpg,6910.72
1050,image_1051.jpg,7348.87
1051,image_1052.jpg,6957.75
1052,image_1053.jpg,7072.08
1053,image_1054.jpg,6881.65
1054,image_1055.jpg,8204.29
1055,image_1056.jpg,6988.5
1056,image_1057.jpg,6959.17
1057,image_1058.jpg,7103.47
1058,image_1059.jpg,7068.42
1059,image_1060.jpg,7056.05
1060,image_1061.jpg,6942.52
1061,image_1062.jpg,8769.0
1062,image_1063.jpg,7462.6
1063,image_1064.jpg,6870.9
1064,image_1065.jpg,6917.1
1065,image_1066.jpg,7570.47
1066,image_1067.jpg,7107.44
1067,image_1068.jpg,6606.15
1068,image_1069.jpg,7140.59
1069,image_1070.jpg,7638.2
1070,image_1071.jpg,6910.03
1071,image_1072.jpg,7143.72
1072,image_1073.jpg,7009.12
1073,image_1074.jpg,6076.03
1074,image_1075.jpg,7023.83
1075,image_1076.jpg,9448.84
1076,image_1077.jpg,11706.88
1077,image_1078.jpg,7130.13
1078,image_1079.jpg,7093.22
1079,image_1080.jpg,7090.57
1080,image_1081.jpg,6961.9
1081,image_1082.jpg,6945.97
1082,image_1083.jpg,9156.12
1083,image_1084.jpg,7229.16
1084,image_1085.jpg,8061.26
1085,image_1086.jpg,8908.28
1086,image_1087.jpg,7040.05
1087,image_1088.jpg,7068.84
1088,image_1089.jpg,6868.83
1089,image_1090.jpg,10008.74
1090,image_1091.jpg,6219.38
1091,image_1092.jpg,6166.14
1092,image_1093.jpg,15427.69
1093,image_1094.jpg,6378.76
1094,image_1095.jpg,5526.97
1095,image_1096.jpg,7054.13
1096,image_1097.jpg,7246.06
1097,image_1098.jpg,7245.76
1098,image_1099.jpg,7140.06
1099,image_1100.jpg,7522.92
1100,image_1101.jpg,7022.1
1101,image_1102.jpg,8240.98
1102,image_1103.jpg,7016.33
1103,image_1104.jpg,7352.59
1104,image_1105.jpg,6618.65
1105,image_1106.jpg,9531.41
1106,image_1107.jpg,6952.97
1107,image_1108.jpg,7221.37
1108,image_1109.jpg,6282.36
1109,image_1110.jpg,6250.17
1110,image_1111.jpg,7015.54
1111,image_1112.jpg,7096.1
1112,image_1113.jpg,7117.26
1113,image_1114.jpg,7065.87
1114,image_1115.jpg,7228.67
1115,image_1116.jpg,7818.87
1116,image_1117.jpg,6727.28
1117,image_1118.jpg,7023.07
1118,image_1119.jpg,8312.43
1119,image_1120.jpg,6846.22
1120,image_1121.jpg,7072.59
1121,image_1122.jpg,7134.83
1122,image_1123.jpg,7027.87
1123,image_1124.jpg,7135.01
1124,image_1125.jpg,7057.74
1125,image_1126.jpg,7230.92
1126,image_1127.jpg,6891.47
1127,image_1128.jpg,7109.03
1128,image_1129.jpg,7175.56
1129,image_1130.jpg,6993.79
1130,image_1131.jpg,7125.33
1131,image_1132.jpg,7411.5
1132,image_1133.jpg,7158.54
1133,image_1134.jpg,7149.12
1134,image_1135.jpg,7113.93
1135,image_1136.jpg,7069.47
1136,image_1137.jpg,7164.91
1137,image_1138.jpg,7433.37
1138,image_1139.jpg,7059.21
1139,image_1140.jpg,7089.32
1140,image_1141.jpg,7067.86
1141,image_1142.jpg,7156.65
1142,image_1143.jpg,6969.26
1143,image_1144.jpg,7122.61
1144,image_1145.jpg,7099.82
1145,image_1146.jpg,7183.37
1146,image_1147.jpg,6908.09
1147,image_1148.jpg,6983.67
1148,image_1149.jpg,7140.26
1149,image_1150.jpg,7452.97
1150,image_1151.jpg,7150.65
1151,image_1152.jpg,4.45
1152,image_1153.jpg,7139.6
1153,image_1154.jpg,7182.6
1154,image_1155.jpg,7140.82
1155,image_1156.jpg,6945.33
1156,image_1157.jpg,7288.36
1157,image_1158.jpg,7129.31
1158,image_1159.jpg,6845.74
1159,image_1160.jpg,7079.28
1160,image_1161.jpg,7052.45
1161,image_1162.jpg,7139.15
1162,image_1163.jpg,7272.54
1163,image_1164.jpg,7151.27
1164,image_1165.jpg,7183.29
1165,image_1166.jpg,7138.98
1166,image_1167.jpg,7026.49
1167,image_1168.jpg,7466.34
1168,image_1169.jpg,6940.32
1169,image_1170.jpg,7150.66
1170,image_1171.jpg,0.0
1171,image_1172.jpg,10255.0
1172,image_1173.jpg,7182.23
1173,image_1174.jpg,7600.91
1174,image_1175.jpg,7125.33
1175,image_1176.jpg,7156.65
1176,image_1177.jpg,7028.06
1177,image_1178.jpg,9004.51
1178,image_1179.jpg,8664.85
1179,image_1180.jpg,8079.62
1180,image_1181.jpg,7137.7
1181,image_1182.jpg,6571.43
1182,image_1183.jpg,7135.35
1183,image_1184.jpg,7162.33
1184,image_1185.jpg,6519.91
1185,image_1186.jpg,6763.71
1186,image_1187.jpg,9013.78
1187,image_1188.jpg,7020.72
1188,image_1189.jpg,6686.71
1189,image_1190.jpg,7165.31
1190,image_1191.jpg,10176.84
1191,image_1192.jpg,6333.39
1192,image_1193.jpg,7262.29
1193,image_1194.jpg,7459.36
1194,image_1195.jpg,7515.93
1195,image_1196.jpg,7760.04
1196,image_1197.jpg,7043.01
1197,image_1198.jpg,7084.21
1198,image_1199.jpg,7080.63
1199,image_1200.jpg,7126.08
1200,image_1201.jpg,7133.27
1201,image_1202.jpg,7114.22
1202,image_1203.jpg,7122.04
1203,image_1204.jpg,7173.51
1204,image_1205.jpg,7115.98
1205,image_1206.jpg,7318.8
1206,image_1207.jpg,7128.01
1207,image_1208.jpg,7410.19
1208,image_1209.jpg,7051.69
1209,image_1210.jpg,7106.98
1210,image_1211.jpg,7535.37
1211,image_1212.jpg,7317.82
1212,image_1213.jpg,7100.22
1213,image_1214.jpg,7740.57
1214,image_1215.jpg,7136.83
1215,image_1216.jpg,7125.69
1216,image_1217.jpg,7543.53
1217,image_1218.jpg,6903.72
1218,image_1219.jpg,7215.44
1219,image_1220.jpg,7394.73
1220,image_1221.jpg,7137.57
1221,image_1222.jpg,7129.2
1222,image_1223.jpg,7078.62
1223,image_1224.jpg,6990.8
1224,image_1225.jpg,7197.52
1225,image_1226.jpg,7136.54
1226,image_1227.jpg,7054.55
1227,image_1228.jpg,6919.42
1228,image_1229.jpg,7141.49
1229,image_1230.jpg,8126.18
1230,image_1231.jpg,7114.39
1231,image_1232.jpg,6940.3
1232,image_1233.jpg,7000.43
1233,image_1234.jpg,7116.53
1234,image_1235.jpg,7119.41
1235,image_1236.jpg,7132.83
1236,image_1237.jpg,7013.52
1237,image_1238.jpg,6978.09
1238,image_1239.jpg,7141.56
1239,image_1240.jpg,7035.83
1240,image_1241.jpg,7137.6
1241,image_1242.jpg,7173.51
1242,image_1243.jpg,7273.03
1243,image_1244.jpg,7042.99
1244,image_1245.jpg,7740.62
1245,image_1246.jpg,7156.8
1246,image_1247.jpg,7136.46
1247,image_1248.jpg,7136.53
1248,image_1249.jpg,7068.28
1249,image_1250.jpg,7390.24
1250,image_1251.jpg,7100.17
1251,image_1252.jpg,6819.71
1252,image_1253.jpg,7098.35
1253,image_1254.jpg,6787.23
1254,image_1255.jpg,6954.86
1255,image_1256.jpg,7261.44
1256,image_1257.jpg,7056.91
1257,image_1258.jpg,7128.93
1258,image_1259.jpg,6966.97
1259,image_1260.jpg,6977.81
1260,image_1261.jpg,6684.35
1261,image_1262.jpg,6988.31
1262,image_1263.jpg,6970.44
1263,image_1264.jpg,7105.8
1264,image_1265.jpg,7769.46
1265,image_1266.jpg,6906.62
1266,image_1267.jpg,7083.97
1267,image_1268.jpg,7058.96
1268,image_1269.jpg,7131.14
1269,image_1270.jpg,7108.44
1270,image_1271.jpg,7059.13
1271,image_1272.jpg,7103.18
1272,image_1273.jpg,9310.12
1273,image_1274.jpg,6843.43
1274,image_1275.jpg,7117.21
1275,image_1276.jpg,7308.17
1276,image_1277.jpg,7113.43
1277,image_1278.jpg,6866.74
1278,image_1279.jpg,6201.9
1279,image_1280.jpg,6747.24
1280,image_1281.jpg,7005.78
1281,image_1282.jpg,7166.37
1282,image_1283.jpg,7006.96
1283,image_1284.jpg,7094.7
1284,image_1285.jpg,6679.93
1285,image_1286.jpg,7128.93
1286,image_1287.jpg,7135.96
1287,image_1288.jpg,7244.22
1288,image_1289.jpg,7112.41
1289,image_1290.jpg,6664.65
1290,image_1291.jpg,6521.74
1291,image_1292.jpg,7123.53
1292,image_1293.jpg,6776.46
1293,image_1294.jpg,7067.26
1294,image_1295.jpg,6520.76
1295,image_1296.jpg,7140.99
1296,image_1297.jpg,6940.46
1297,image_1298.jpg,7131.4
1298,image_1299.jpg,6977.06
1299,image_1300.jpg,7417.75
1300,image_1301.jpg,7097.9
1301,image_1302.jpg,7153.24
1302,image_1303.jpg,7142.71
1303,image_1304.jpg,7049.02
1304,image_1305.jpg,6686.58
1305,image_1306.jpg,7112.05
1306,image_1307.jpg,6863.41
1307,image_1308.jpg,7141.65
1308,image_1309.jpg,6548.12
1309,image_1310.jpg,6820.26
1310,image_1311.jpg,6906.8
1311,image_1312.jpg,6338.38
1312,image_1313.jpg,6935.97
1313,image_1314.jpg,7142.12
1314,image_1315.jpg,7039.91
1315,image_1316.jpg,7137.4
1316,image_1317.jpg,7003.42
1317,image_1318.jpg,6903.04
1318,image_1319.jpg,7124.31
1319,image_1320.jpg,6982.94
1320,image_1321.jpg,7100.46
1321,image_1322.jpg,6270.37
1322,image_1323.jpg,7139.25
1323,image_1324.jpg,6901.57
1324,image_1325.jpg,7141.73
1325,image_1326.jpg,6417.59
1326,image_1327.jpg,6906.85
1327,image_1328.jpg,7076.13
1328,image_1329.jpg,7099.67
1329,image_1330.jpg,7083.64
1330,image_1331.jpg,7218.17
1331,image_1332.jpg,7055.47
1332,image_1333.jpg,7154.79
1333,image_1334.jpg,7325.61
1334,image_1335.jpg,6870.04
1335,image_1336.jpg,7144.33
1336,image_1337.jpg,7128.3
1337,image_1338.jpg,6877.73
1338,image_1339.jpg,7160.31
1339,image_1340.jpg,7044.75
1340,image_1341.jpg,6640.96
1341,image_1342.jpg,7000.68
1342,image_1343.jpg,7141.02
1343,image_1344.jpg,6997.66
1344,image_1345.jpg,6822.15
1345,image_1346.jpg,8125.26
1346,image_1347.jpg,7536.09
1347,image_1348.jpg,7127.36
1348,image_1349.jpg,7144.02
1349,image_1350.jpg,7039.24
1350,image_1351.jpg,7142.76
1351,image_1352.jpg,6871.47
1352,image_1353.jpg,7063.38
1353,image_1354.jpg,7130.15
1354,image_1355.jpg,6832.74
1355,image_1356.jpg,8199.19
1356,image_1357.jpg,7131.37
1357,image_1358.jpg,7535.3
1358,image_1359.jpg,6763.75
1359,image_1360.jpg,7434.23
